{
      "statusCode": 200,
      "statusMsg": "OK",
      "data": {
            "banner": [
                  {
                        "img_url": "img/banner.png"
                  },
                  {
                        "img_url": "img/banner.png"
                  }
                  ,
                  {
                        "img_url": "img/banner.png"
                  }
            ],
            "brand":[
                  {
                        "img_url":"img/logo/ds.png",
                        "name":"卡特彼勒",
                        "brand_id":"1"
                  }, {
                        "img_url":"img/logo/wew.png",
                        "name":"沃尔沃",
                        "brand_id":"2"
                  }, {
                        "img_url":"img/logo/xs.png",
                        "name":"小松",
                        "brand_id":"3"
                  }, {
                        "img_url":"img/logo/rl.png",
                        "name":"日立",
                        "brand_id":"4"
                  }, {
                        "img_url":"img/logo/zy.png",
                        "name":"住友",
                        "brand_id":"5"
                  }, {
                        "img_url":"img/logo/sg.png",
                        "name":"神钢",
                        "brand_id":"6"
                  }, {
                        "img_url":"img/logo/ds.png",
                        "name":"斗山",
                        "brand_id":"7"
                  }, {
                        "img_url":"img/logo/xd.png",
                        "name":"现代",
                        "brand_id":"8"
                  }
            ],
            "video":[
                  {
                        "cover_img_url":"img/video1.png",
                        "title": "装载机现场评测",
                        "video_id":"",
                        "view_num":1000
                  }, {
                        "cover_img_url":"img/video2.png",
                        "title": "装载机现场评测",
                        "video_id":"",
                        "view_num":2000
                  }, {
                        "cover_img_url":"img/video1.png",
                        "title": "装载机现场评测",
                        "video_id":"",
                        "view_num":3000
                  }, {
                        "cover_img_url":"img/video1.png",
                        "title": "装载机现场评测",
                        "video_id":"",
                        "view_num":4000
                  }
            ],
            "product":[
                  {
                        "cover_img_url":"img/tujian1.png",
                        "title": "装载机现场评测",
                        "product_id":"",
                        "view_num":3000,
                        "price": 11,
                        "created_time":"05-09"
                  }, {
                        "cover_img_url":"img/tujian2.png",
                        "title": "装载机现场评测",
                        "product_id":"",
                        "view_num":4000,
                        "price": 12,
                        "created_time":"05-19"
                  }, {
                        "cover_img_url":"img/tujian3.png",
                        "title": "装载机现场评测",
                        "product_id":"",
                        "view_num":5000,
                        "price": 13,
                        "created_time":"05-29"
                  }
            ],
            "picture":[
                  {
                        "img_url":"img/picture1.png",
                        "product_id":"",
                        "name":""
                  }, {
                        "img_url":"img/picture2.png",
                        "product_id":"",
                        "name":""
                  }, {
                        "img_url":"img/picture3.png",
                        "product_id":"",
                        "name":""
                  }, {
                        "img_url":"img/picture4.png",
                        "product_id":"",
                        "name":""
                  }
            ],
            "news":[
                  {
                        "cover_img_id": "img/tujian1.png",
                        "title": "三一重工挖掘机1",
                        "view_num": "1234",
                        "news_id":"",
                        "created_time":"05-09"
                  }, {
                        "cover_img_id": "img/tujian1.png",
                        "title": "三一重工挖掘机2",
                        "view_num": "1234",
                        "news_id":"",
                        "created_time":"05-09"
                  }, {
                        "cover_img_id": "img/tujian1.png",
                        "title": "三一重工挖掘机3",
                        "view_num": "1234",
                        "news_id":"",
                        "created_time":"05-09"
                  },{
                        "cover_img_id": "img/tujian1.png",
                        "title": "三一重工挖掘机4",
                        "view_num": "1234",
                        "news_id":"",
                        "created_time":"05-09"
                  }
            ]

      }
}