{
      "statusCode": 200,
      "statusMsg": "OK",
      "data": {
            "title": "三一重工SY220C挖掘机发新品哟(´･ω･`)",
            "view_num": "1234",
            "news_id":"",
            "created_time":"05-11",
            "html" : " <p>三一重工的母公司三一集团于1989年在湖南涟源正式创立，公司名称源于创业初期提出的“创建一流企业，造就一流人才，做出一流贡献”的企业愿景。多年来，三一以“品质改变世界”为使命，致力于为中华民族贡献一个世界级品牌。</p><div class='home_img'><img src='img/picture2.png'></div><p>三一重工的母公司三一集团于1989年在湖南涟源正式创立，公司名称源于创业初期提出的“创建一流企业，造就一流人才，做出一流贡献”的企业愿景。多年来，三一以“品质改变世界”为使命，致力于为中华民族贡献一个世界级品牌。</p><div class='home_img'><img src='img/picture2.png'></div><p>三一重工的母公司三一集团于1989年在湖南涟源正式创立，公司名称源于创业初期提出的“创建一流企业，造就一流人才，做出一流贡献”的企业愿景。多年来，三一以“品质改变世界”为使命，致力于为中华民族贡献一个世界级品牌。</p><div class='home_img'><img src='img/picture2.png'></div><p>三一重工的母公司三一集团于1989年在湖南涟源正式创立，公司名称源于创业初期提出的“创建一流企业，造就一流人才，做出一流贡献”的企业愿景。多年来，三一以“品质改变世界”为使命，致力于为中华民族贡献一个世界级品牌。</p>"
      }
}