{
      "statusCode": 200,
      "statusMsg": "OK",
      "data": {
            "is_end" : "0",
            "news":[
                  {
                        "cover_img_id": "img/tujian1.png",
                        "title": "三一重工SY220C挖掘机",
                        "view_num": "1234",
                        "news_id":"1",
                        "created_time":"05-11"
                  }, {
                        "cover_img_id": "img/tujian1.png",
                        "title": "三一重工SY220C挖掘机",
                        "view_num": "1234",
                        "news_id":"2",
                        "created_time":"05-11"
                  }, {
                        "cover_img_id": "img/tujian1.png",
                        "title": "三一重工SY220C挖掘机",
                        "view_num": "1234",
                        "news_id":"3",
                        "created_time":"05-11"
                  }, {
                        "cover_img_id": "img/tujian1.png",
                        "title": "三一重工SY220C挖掘机",
                        "view_num": "1234",
                        "news_id":"4",
                        "created_time":"05-11"
                  }, {
                        "cover_img_id": "img/tujian1.png",
                        "title": "三一重工SY220C挖掘机",
                        "view_num": "1234",
                        "news_id":"",
                        "created_time":"05-11"
                  }, {
                        "cover_img_id": "img/tujian1.png",
                        "title": "三一重工SY220C挖掘机",
                        "view_num": "1234",
                        "news_id":"",
                        "created_time":"05-11"
                  }
            ]
      }
}