{
      "statusCode": 200,
      "statusMsg": "OK",
      "data": {
            "is_end" : "0",
            "video":[
                  {
                        "cover_img_id": "img/video1.png",
                        "title": "三一重工SY220C挖掘机",
                        "view_num": "1234",
                        "video_id":"",
                        "created_time":"05-11"
                  }, {
                        "cover_img_id": "img/video1.png",
                        "title": "三一重工SY220C挖掘机",
                        "view_num": "1234",
                        "video_id":"",
                        "created_time":"05-11"
                  }, {
                        "cover_img_id": "img/video1.png",
                        "title": "三一重工SY220C挖掘机",
                        "view_num": "1234",
                        "video_id":"",
                        "created_time":"05-11"
                  }, {
                        "cover_img_id": "img/video1.png",
                        "title": "三一重工SY220C挖掘机",
                        "view_num": "1234",
                        "video_id":"",
                        "created_time":"05-11"
                  }, {
                        "cover_img_id": "img/video1.png",
                        "title": "三一重工SY220C挖掘机",
                        "view_num": "1234",
                        "video_id":"",
                        "created_time":"05-11"
                  }, {
                        "cover_img_id": "img/video1.png",
                        "title": "三一重工SY220C挖掘机",
                        "view_num": "1234",
                        "video_id":"",
                        "created_time":"05-11"
                  }, {
                        "cover_img_id": "img/video1.png",
                        "title": "三一重工SY220C挖掘机",
                        "view_num": "1234",
                        "video_id":"",
                        "created_time":"05-11"
                  }, {
                        "cover_img_id": "img/video1.png",
                        "title": "三一重工SY220C挖掘机",
                        "view_num": "1234",
                        "video_id":"",
                        "created_time":"05-11"
                  }, {
                        "cover_img_id": "img/video1.png",
                        "title": "三一重工SY220C挖掘机",
                        "view_num": "1234",
                        "video_id":"",
                        "created_time":"05-11"
                  }, {
                        "cover_img_id": "img/video1.png",
                        "title": "三一重工SY220C挖掘机",
                        "view_num": "1234",
                        "video_id":"",
                        "created_time":"05-11"
                  }
            ]
      }
}